experiment,size,ksize,opencv_s,opencv_1thread_s,native_s,ratio
size,128,5,0.000018,0.000037,0.0221,1221
size,256,5,0.000042,0.000106,0.0881,2097
size,512,5,0.000102,0.000353,0.3542,3474
size,1024,5,0.000293,0.001200,1.2425,4245
kernel,512,3,0.000030,0.000036,0.1466,4861
kernel,512,5,0.000093,0.000341,0.3543,3817
kernel,512,7,0.000229,0.001007,0.6862,3001
kernel,512,9,0.002628,0.003422,1.1399,434
kernel,512,11,0.003571,0.003947,1.7368,486
kernel,512,15,0.006249,0.005004,3.2428,519
kernel,512,17,0.002064,0.004621,4.2157,2042
kernel,512,21,0.002517,0.004684,6.4171,2550
